<ArrayOfProgram xmlns:xsi="http://www.w3.org/2001/XMLSchema-instance" xmlns:xsd="http://www.w3.org/2001/XMLSchema">
  <Program>
    <ProgramId>00000000-0000-0000-0000-000000000000</ProgramId>
    <FileName>ACBSP.exe</FileName>
    <FileProductName>Assassin's Creed Brotherhood</FileProductName>
    <HookMask>2</HookMask>
    <XInputMask>4</XInputMask>
    <InstanceCount>0</InstanceCount>
    <IsEnabled>false</IsEnabled>
    <DateCreated>0001-01-01T00:00:00</DateCreated>
    <DateUpdated xsi:nil="true" />
  </Program>
  <Program>
    <ProgramId>00000000-0000-0000-0000-000000000000</ProgramId>
    <FileName>ACBMP.exe</FileName>
    <FileProductName>Assassin's Creed Brotherhood Multiplayer</FileProductName>
    <HookMask>2</HookMask>
    <XInputMask>4</XInputMask>
    <InstanceCount>0</InstanceCount>
    <IsEnabled>false</IsEnabled>
    <DateCreated>0001-01-01T00:00:00</DateCreated>
    <DateUpdated xsi:nil="true" />
  </Program>
  <Program>
    <ProgramId>00000000-0000-0000-0000-000000000000</ProgramId>
    <FileName>Ace Combat_AH.exe</FileName>
    <FileProductName>Ace Combat Assault Horizon</FileProductName>
    <HookMask>2</HookMask>
    <XInputMask>4</XInputMask>
    <InstanceCount>0</InstanceCount>
    <IsEnabled>false</IsEnabled>
    <DateCreated>0001-01-01T00:00:00</DateCreated>
    <DateUpdated xsi:nil="true" />
  </Program>
  <Program>
    <ProgramId>00000000-0000-0000-0000-000000000000</ProgramId>
    <FileName>ACRSP.exe</FileName>
    <FileProductName>Assassin's Creed Revelations</FileProductName>
    <HookMask>2</HookMask>
    <XInputMask>4</XInputMask>
    <InstanceCount>0</InstanceCount>
    <IsEnabled>false</IsEnabled>
    <DateCreated>0001-01-01T00:00:00</DateCreated>
    <DateUpdated xsi:nil="true" />
  </Program>
  <Program>
    <ProgramId>00000000-0000-0000-0000-000000000000</ProgramId>
    <FileName>ACRMP.exe</FileName>
    <FileProductName>Assassin's Creed Revelations Multiplayer</FileProductName>
    <HookMask>2</HookMask>
    <XInputMask>4</XInputMask>
    <InstanceCount>0</InstanceCount>
    <IsEnabled>false</IsEnabled>
    <DateCreated>0001-01-01T00:00:00</DateCreated>
    <DateUpdated xsi:nil="true" />
  </Program>
  <Program>
    <ProgramId>00000000-0000-0000-0000-000000000000</ProgramId>
    <FileName>ACU.exe</FileName>
    <FileProductName>Assassin's Creed Unity</FileProductName>
    <HookMask>28</HookMask>
    <XInputMask>4</XInputMask>
    <InstanceCount>0</InstanceCount>
    <IsEnabled>false</IsEnabled>
    <DateCreated>0001-01-01T00:00:00</DateCreated>
    <DateUpdated xsi:nil="true" />
  </Program>
  <Program>
    <ProgramId>00000000-0000-0000-0000-000000000000</ProgramId>
    <FileName>AC3SP.exe</FileName>
    <FileProductName>Assassin's Creed 3</FileProductName>
    <HookMask>2</HookMask>
    <XInputMask>4</XInputMask>
    <InstanceCount>0</InstanceCount>
    <IsEnabled>false</IsEnabled>
    <DateCreated>0001-01-01T00:00:00</DateCreated>
    <DateUpdated xsi:nil="true" />
  </Program>
  <Program>
    <ProgramId>00000000-0000-0000-0000-000000000000</ProgramId>
    <FileName>AC3MP.exe</FileName>
    <FileProductName>Assassin's Creed 3 Multiplayer</FileProductName>
    <HookMask>2</HookMask>
    <XInputMask>4</XInputMask>
    <InstanceCount>0</InstanceCount>
    <IsEnabled>false</IsEnabled>
    <DateCreated>0001-01-01T00:00:00</DateCreated>
    <DateUpdated xsi:nil="true" />
  </Program>
  <Program>
    <ProgramId>00000000-0000-0000-0000-000000000000</ProgramId>
    <FileName>AC4BFSP.exe</FileName>
    <FileProductName>Assassin's Creed 4</FileProductName>
    <HookMask>2</HookMask>
    <XInputMask>4</XInputMask>
    <InstanceCount>0</InstanceCount>
    <IsEnabled>false</IsEnabled>
    <DateCreated>0001-01-01T00:00:00</DateCreated>
    <DateUpdated xsi:nil="true" />
  </Program>
  <Program>
    <ProgramId>00000000-0000-0000-0000-000000000000</ProgramId>
    <FileName>AC4BFMP.exe</FileName>
    <FileProductName>Assassin's Creed 4 Multiplayer</FileProductName>
    <HookMask>2</HookMask>
    <XInputMask>4</XInputMask>
    <InstanceCount>0</InstanceCount>
    <IsEnabled>false</IsEnabled>
    <DateCreated>0001-01-01T00:00:00</DateCreated>
    <DateUpdated xsi:nil="true" />
  </Program>
  <Program>
    <ProgramId>00000000-0000-0000-0000-000000000000</ProgramId>
    <FileName>AliceMadnessReturns.exe</FileName>
    <FileProductName>Alice: Madness Returns</FileProductName>
    <HookMask>2</HookMask>
    <XInputMask>4</XInputMask>
    <InstanceCount>0</InstanceCount>
    <IsEnabled>false</IsEnabled>
    <DateCreated>0001-01-01T00:00:00</DateCreated>
    <DateUpdated xsi:nil="true" />
  </Program>
  <Program>
    <ProgramId>00000000-0000-0000-0000-000000000000</ProgramId>
    <FileName>ASN_App_PcDx9_Final.exe</FileName>
    <FileProductName>Sonic &amp; All-Stars Racing Transformed</FileProductName>
    <HookMask>2</HookMask>
    <XInputMask>4</XInputMask>
    <InstanceCount>0</InstanceCount>
    <IsEnabled>false</IsEnabled>
    <DateCreated>0001-01-01T00:00:00</DateCreated>
    <DateUpdated xsi:nil="true" />
  </Program>
  <Program>
    <ProgramId>00000000-0000-0000-0000-000000000000</ProgramId>
    <FileName>AssassinsCreed_Dx10.exe</FileName>
    <FileProductName>Assasin's Creed DX10</FileProductName>
    <HookMask>30</HookMask>
    <XInputMask>4</XInputMask>
    <InstanceCount>0</InstanceCount>
    <IsEnabled>false</IsEnabled>
    <DateCreated>0001-01-01T00:00:00</DateCreated>
    <DateUpdated xsi:nil="true" />
  </Program>
  <Program>
    <ProgramId>00000000-0000-0000-0000-000000000000</ProgramId>
    <FileName>AssassinsCreed_Dx9.exe</FileName>
    <FileProductName>Assasin's Creed DX9</FileProductName>
    <HookMask>30</HookMask>
    <XInputMask>4</XInputMask>
    <InstanceCount>0</InstanceCount>
    <IsEnabled>false</IsEnabled>
    <DateCreated>0001-01-01T00:00:00</DateCreated>
    <DateUpdated xsi:nil="true" />
  </Program>
  <Program>
    <ProgramId>00000000-0000-0000-0000-000000000000</ProgramId>
    <FileName>AssassinsCreedIIGame.exe</FileName>
    <FileProductName>Assasin's Creed II</FileProductName>
    <HookMask>30</HookMask>
    <XInputMask>4</XInputMask>
    <InstanceCount>0</InstanceCount>
    <IsEnabled>false</IsEnabled>
    <DateCreated>0001-01-01T00:00:00</DateCreated>
    <DateUpdated xsi:nil="true" />
  </Program>
  <Program>
    <ProgramId>00000000-0000-0000-0000-000000000000</ProgramId>
    <FileName>Awesomenauts.exe</FileName>
    <FileProductName>Awesomenauts</FileProductName>
    <HookMask>2</HookMask>
    <XInputMask>4</XInputMask>
    <InstanceCount>0</InstanceCount>
    <IsEnabled>false</IsEnabled>
    <DateCreated>0001-01-01T00:00:00</DateCreated>
    <DateUpdated xsi:nil="true" />
  </Program>
  <Program>
    <ProgramId>00000000-0000-0000-0000-000000000000</ProgramId>
    <FileName>BatmanAC.exe</FileName>
    <FileProductName>Batman: Arkham City</FileProductName>
    <HookMask>2</HookMask>
    <XInputMask>4</XInputMask>
    <InstanceCount>0</InstanceCount>
    <IsEnabled>false</IsEnabled>
    <DateCreated>0001-01-01T00:00:00</DateCreated>
    <DateUpdated xsi:nil="true" />
  </Program>
  <Program>
    <ProgramId>00000000-0000-0000-0000-000000000000</ProgramId>
    <FileName>BatmanOrigins.exe</FileName>
    <FileProductName>Batman: Arkham Origins</FileProductName>
    <HookMask>2</HookMask>
    <XInputMask>4</XInputMask>
    <InstanceCount>0</InstanceCount>
    <IsEnabled>false</IsEnabled>
    <DateCreated>0001-01-01T00:00:00</DateCreated>
    <DateUpdated xsi:nil="true" />
  </Program>
  <Program>
    <ProgramId>00000000-0000-0000-0000-000000000000</ProgramId>
    <FileName>BeatHazard.exe</FileName>
    <FileProductName>Beat Hazard</FileProductName>
    <HookMask>32</HookMask>
    <XInputMask>4</XInputMask>
    <InstanceCount>0</InstanceCount>
    <IsEnabled>false</IsEnabled>
    <DateCreated>0001-01-01T00:00:00</DateCreated>
    <DateUpdated xsi:nil="true" />
  </Program>
  <Program>
    <ProgramId>00000000-0000-0000-0000-000000000000</ProgramId>
    <FileName>BeatHazardClassic.exe</FileName>
    <FileProductName>Beat Hazard Classic</FileProductName>
    <HookMask>32</HookMask>
    <XInputMask>4</XInputMask>
    <InstanceCount>0</InstanceCount>
    <IsEnabled>false</IsEnabled>
    <DateCreated>0001-01-01T00:00:00</DateCreated>
    <DateUpdated xsi:nil="true" />
  </Program>
  <Program>
    <ProgramId>00000000-0000-0000-0000-000000000000</ProgramId>
    <FileName>bf3.exe</FileName>
    <FileProductName>Battlefield 3</FileProductName>
    <HookMask>2</HookMask>
    <XInputMask>4</XInputMask>
    <InstanceCount>0</InstanceCount>
    <IsEnabled>false</IsEnabled>
    <DateCreated>0001-01-01T00:00:00</DateCreated>
    <DateUpdated xsi:nil="true" />
  </Program>
  <Program>
    <ProgramId>00000000-0000-0000-0000-000000000000</ProgramId>
    <FileName>BH6.exe</FileName>
    <FileProductName>BioHazard 6</FileProductName>
    <HookMask>2</HookMask>
    <XInputMask>4</XInputMask>
    <InstanceCount>0</InstanceCount>
    <IsEnabled>false</IsEnabled>
    <DateCreated>0001-01-01T00:00:00</DateCreated>
    <DateUpdated xsi:nil="true" />
  </Program>
  <Program>
    <ProgramId>00000000-0000-0000-0000-000000000000</ProgramId>
    <FileName>BioShockInfinite.exe</FileName>
    <FileProductName>BioShock Infinite</FileProductName>
    <HookMask>2</HookMask>
    <XInputMask>4</XInputMask>
    <InstanceCount>0</InstanceCount>
    <IsEnabled>false</IsEnabled>
    <DateCreated>0001-01-01T00:00:00</DateCreated>
    <DateUpdated xsi:nil="true" />
  </Program>
  <Program>
    <ProgramId>00000000-0000-0000-0000-000000000000</ProgramId>
    <FileName>Blacklist_game.exe</FileName>
    <FileProductName>Tom Clancy's Splinter Cell Blacklist</FileProductName>
    <HookMask>14</HookMask>
    <XInputMask>4</XInputMask>
    <InstanceCount>0</InstanceCount>
    <IsEnabled>false</IsEnabled>
    <DateCreated>0001-01-01T00:00:00</DateCreated>
    <DateUpdated xsi:nil="true" />
  </Program>
  <Program>
    <ProgramId>00000000-0000-0000-0000-000000000000</ProgramId>
    <FileName>Blacklist_DX11_game.exe</FileName>
    <FileProductName>Tom Clancy's Splinter Cell Blacklist DX11</FileProductName>
    <HookMask>14</HookMask>
    <XInputMask>4</XInputMask>
    <InstanceCount>0</InstanceCount>
    <IsEnabled>false</IsEnabled>
    <DateCreated>0001-01-01T00:00:00</DateCreated>
    <DateUpdated xsi:nil="true" />
  </Program>
  <Program>
    <ProgramId>00000000-0000-0000-0000-000000000000</ProgramId>
    <FileName>Bladekitten.exe</FileName>
    <FileProductName>Blade Kitten</FileProductName>
    <HookMask>2</HookMask>
    <XInputMask>4</XInputMask>
    <InstanceCount>0</InstanceCount>
    <IsEnabled>false</IsEnabled>
    <DateCreated>0001-01-01T00:00:00</DateCreated>
    <DateUpdated xsi:nil="true" />
  </Program>
  <Program>
    <ProgramId>00000000-0000-0000-0000-000000000000</ProgramId>
    <FileName>Brothers.exe</FileName>
    <FileProductName>Brothers: A Tale of Two Sons</FileProductName>
    <HookMask>2</HookMask>
    <XInputMask>4</XInputMask>
    <InstanceCount>0</InstanceCount>
    <IsEnabled>false</IsEnabled>
    <DateCreated>0001-01-01T00:00:00</DateCreated>
    <DateUpdated xsi:nil="true" />
  </Program>
  <Program>
    <ProgramId>00000000-0000-0000-0000-000000000000</ProgramId>
    <FileName>BrutalLegend.exe</FileName>
    <FileProductName>Brutal Legend</FileProductName>
    <HookMask>2</HookMask>
    <XInputMask>4</XInputMask>
    <InstanceCount>0</InstanceCount>
    <IsEnabled>false</IsEnabled>
    <DateCreated>0001-01-01T00:00:00</DateCreated>
    <DateUpdated xsi:nil="true" />
  </Program>
  <Program>
    <ProgramId>00000000-0000-0000-0000-000000000000</ProgramId>
    <FileName>BurnoutParadise.exe</FileName>
    <FileProductName>Burnout Paradise - The Ultimate Box</FileProductName>
    <HookMask>30</HookMask>
    <XInputMask>4</XInputMask>
    <InstanceCount>0</InstanceCount>
    <IsEnabled>false</IsEnabled>
    <DateCreated>0001-01-01T00:00:00</DateCreated>
    <DateUpdated xsi:nil="true" />
  </Program>
  <Program>
    <ProgramId>00000000-0000-0000-0000-000000000000</ProgramId>
    <FileName>Cave.exe</FileName>
    <FileProductName>The Cave</FileProductName>
    <HookMask>2</HookMask>
    <XInputMask>4</XInputMask>
    <InstanceCount>0</InstanceCount>
    <IsEnabled>false</IsEnabled>
    <DateCreated>0001-01-01T00:00:00</DateCreated>
    <DateUpdated xsi:nil="true" />
  </Program>
  <Program>
    <ProgramId>00000000-0000-0000-0000-000000000000</ProgramId>
    <FileName>conviction_game.exe</FileName>
    <FileProductName>Tom Clancy's Splinter Cell Conviction</FileProductName>
    <HookMask>14</HookMask>
    <XInputMask>4</XInputMask>
    <InstanceCount>0</InstanceCount>
    <IsEnabled>false</IsEnabled>
    <DateCreated>0001-01-01T00:00:00</DateCreated>
    <DateUpdated xsi:nil="true" />
  </Program>
  <Program>
    <ProgramId>00000000-0000-0000-0000-000000000000</ProgramId>
    <FileName>DarksidersPC.exe</FileName>
    <FileProductName>Darksiders</FileProductName>
    <HookMask>2</HookMask>
    <XInputMask>4</XInputMask>
    <InstanceCount>0</InstanceCount>
    <IsEnabled>false</IsEnabled>
    <DateCreated>0001-01-01T00:00:00</DateCreated>
    <DateUpdated xsi:nil="true" />
  </Program>
  <Program>
    <ProgramId>00000000-0000-0000-0000-000000000000</ProgramId>
    <FileName>Darksiders2.exe</FileName>
    <FileProductName>Darksiders 2</FileProductName>
    <HookMask>2</HookMask>
    <XInputMask>4</XInputMask>
    <InstanceCount>0</InstanceCount>
    <IsEnabled>false</IsEnabled>
    <DateCreated>0001-01-01T00:00:00</DateCreated>
    <DateUpdated xsi:nil="true" />
  </Program>
  <Program>
    <ProgramId>00000000-0000-0000-0000-000000000000</ProgramId>
    <FileName>DARKSOULS.exe</FileName>
    <FileProductName>Dark Souls</FileProductName>
    <HookMask>2</HookMask>
    <XInputMask>4</XInputMask>
    <InstanceCount>0</InstanceCount>
    <IsEnabled>false</IsEnabled>
    <DateCreated>0001-01-01T00:00:00</DateCreated>
    <DateUpdated xsi:nil="true" />
  </Program>
  <Program>
    <ProgramId>00000000-0000-0000-0000-000000000000</ProgramId>
    <FileName>DarkSoulsII.exe</FileName>
    <FileProductName>Dark Souls II</FileProductName>
    <HookMask>2</HookMask>
    <XInputMask>4</XInputMask>
    <InstanceCount>0</InstanceCount>
    <IsEnabled>false</IsEnabled>
    <DateCreated>0001-01-01T00:00:00</DateCreated>
    <DateUpdated xsi:nil="true" />
  </Program>
  <Program>
    <ProgramId>00000000-0000-0000-0000-000000000000</ProgramId>
    <FileName>DATA.exe</FileName>
    <FileProductName>Dark Souls</FileProductName>
    <HookMask>2</HookMask>
    <XInputMask>4</XInputMask>
    <InstanceCount>0</InstanceCount>
    <IsEnabled>false</IsEnabled>
    <DateCreated>0001-01-01T00:00:00</DateCreated>
    <DateUpdated xsi:nil="true" />
  </Program>
  <Program>
    <ProgramId>00000000-0000-0000-0000-000000000000</ProgramId>
    <FileName>DeadIslandGame.exe</FileName>
    <FileProductName>Dead Island</FileProductName>
    <HookMask>2</HookMask>
    <XInputMask>4</XInputMask>
    <InstanceCount>0</InstanceCount>
    <IsEnabled>false</IsEnabled>
    <DateCreated>0001-01-01T00:00:00</DateCreated>
    <DateUpdated xsi:nil="true" />
  </Program>
  <Program>
    <ProgramId>00000000-0000-0000-0000-000000000000</ProgramId>
    <FileName>DeathSpank.exe</FileName>
    <FileProductName>DeathSpank</FileProductName>
    <HookMask>2</HookMask>
    <XInputMask>4</XInputMask>
    <InstanceCount>0</InstanceCount>
    <IsEnabled>false</IsEnabled>
    <DateCreated>0001-01-01T00:00:00</DateCreated>
    <DateUpdated xsi:nil="true" />
  </Program>
  <Program>
    <ProgramId>00000000-0000-0000-0000-000000000000</ProgramId>
    <FileName>DeathSpankTOV.exe</FileName>
    <FileProductName>DeathSpank - Thongs of Virtue</FileProductName>
    <HookMask>2</HookMask>
    <XInputMask>4</XInputMask>
    <InstanceCount>0</InstanceCount>
    <IsEnabled>false</IsEnabled>
    <DateCreated>0001-01-01T00:00:00</DateCreated>
    <DateUpdated xsi:nil="true" />
  </Program>
  <Program>
    <ProgramId>00000000-0000-0000-0000-000000000000</ProgramId>
    <FileName>DMC-DevilMayCry.exe</FileName>
    <FileProductName>DmC - Devil May Cry</FileProductName>
    <HookMask>2</HookMask>
    <XInputMask>4</XInputMask>
    <InstanceCount>0</InstanceCount>
    <IsEnabled>false</IsEnabled>
    <DateCreated>0001-01-01T00:00:00</DateCreated>
    <DateUpdated xsi:nil="true" />
  </Program>
  <Program>
    <ProgramId>00000000-0000-0000-0000-000000000000</ProgramId>
    <FileName>DragonAgeInquisition.exe</FileName>
    <FileProductName>Dragon Age: Inquisition</FileProductName>
    <HookMask>2</HookMask>
    <XInputMask>4</XInputMask>
    <InstanceCount>0</InstanceCount>
    <IsEnabled>false</IsEnabled>
    <DateCreated>0001-01-01T00:00:00</DateCreated>
    <DateUpdated xsi:nil="true" />
  </Program>
  <Program>
    <ProgramId>00000000-0000-0000-0000-000000000000</ProgramId>
    <FileName>DunDefGame.exe</FileName>
    <FileProductName>Dungeon Defenders</FileProductName>
    <HookMask>2</HookMask>
    <XInputMask>4</XInputMask>
    <InstanceCount>0</InstanceCount>
    <IsEnabled>false</IsEnabled>
    <DateCreated>0001-01-01T00:00:00</DateCreated>
    <DateUpdated xsi:nil="true" />
  </Program>
  <Program>
    <ProgramId>00000000-0000-0000-0000-000000000000</ProgramId>
    <FileName>Enslaved.exe</FileName>
    <FileProductName>Enslaved: Odyssey to the West</FileProductName>
    <HookMask>2</HookMask>
    <XInputMask>4</XInputMask>
    <InstanceCount>0</InstanceCount>
    <IsEnabled>false</IsEnabled>
    <DateCreated>0001-01-01T00:00:00</DateCreated>
    <DateUpdated xsi:nil="true" />
  </Program>
  <Program>
    <ProgramId>00000000-0000-0000-0000-000000000000</ProgramId>
    <FileName>EvilWithin.exe</FileName>
    <FileProductName>The Evil Within</FileProductName>
    <HookMask>2</HookMask>
    <XInputMask>4</XInputMask>
    <InstanceCount>0</InstanceCount>
    <IsEnabled>false</IsEnabled>
    <DateCreated>0001-01-01T00:00:00</DateCreated>
    <DateUpdated xsi:nil="true" />
  </Program>
  <Program>
    <ProgramId>00000000-0000-0000-0000-000000000000</ProgramId>
    <FileName>farcry3.exe</FileName>
    <FileProductName>Farcry 3 D3X9</FileProductName>
    <HookMask>2</HookMask>
    <XInputMask>4</XInputMask>
    <InstanceCount>0</InstanceCount>
    <IsEnabled>false</IsEnabled>
    <DateCreated>0001-01-01T00:00:00</DateCreated>
    <DateUpdated xsi:nil="true" />
  </Program>
  <Program>
    <ProgramId>00000000-0000-0000-0000-000000000000</ProgramId>
    <FileName>farcry3_d3d11.exe</FileName>
    <FileProductName>Farcry 3 DX11</FileProductName>
    <HookMask>2</HookMask>
    <XInputMask>4</XInputMask>
    <InstanceCount>0</InstanceCount>
    <IsEnabled>false</IsEnabled>
    <DateCreated>0001-01-01T00:00:00</DateCreated>
    <DateUpdated xsi:nil="true" />
  </Program>
  <Program>
    <ProgramId>00000000-0000-0000-0000-000000000000</ProgramId>
    <FileName>ffxiv.exe</FileName>
    <FileProductName>Final Fantasy XIV: A Realm Reborn</FileProductName>
    <HookMask>14</HookMask>
    <XInputMask>4</XInputMask>
    <InstanceCount>0</InstanceCount>
    <IsEnabled>false</IsEnabled>
    <DateCreated>0001-01-01T00:00:00</DateCreated>
    <DateUpdated xsi:nil="true" />
  </Program>
  <Program>
    <ProgramId>00000000-0000-0000-0000-000000000000</ProgramId>
    <FileName>FIFA.exe</FileName>
    <FileProductName>FIFA 11 and 12</FileProductName>
    <HookMask>2</HookMask>
    <XInputMask>4</XInputMask>
    <InstanceCount>0</InstanceCount>
    <IsEnabled>false</IsEnabled>
    <DateCreated>0001-01-01T00:00:00</DateCreated>
    <DateUpdated xsi:nil="true" />
  </Program>
  <Program>
    <ProgramId>00000000-0000-0000-0000-000000000000</ProgramId>
    <FileName>FIFA10.exe</FileName>
    <FileProductName>FIFA 10</FileProductName>
    <HookMask>2</HookMask>
    <XInputMask>4</XInputMask>
    <InstanceCount>0</InstanceCount>
    <IsEnabled>false</IsEnabled>
    <DateCreated>0001-01-01T00:00:00</DateCreated>
    <DateUpdated xsi:nil="true" />
  </Program>
  <Program>
    <ProgramId>00000000-0000-0000-0000-000000000000</ProgramId>
    <FileName>FIFA13.exe</FileName>
    <FileProductName>FIFA 13</FileProductName>
    <HookMask>2</HookMask>
    <XInputMask>4</XInputMask>
    <InstanceCount>0</InstanceCount>
    <IsEnabled>false</IsEnabled>
    <DateCreated>0001-01-01T00:00:00</DateCreated>
    <DateUpdated xsi:nil="true" />
  </Program>
  <Program>
    <ProgramId>00000000-0000-0000-0000-000000000000</ProgramId>
    <FileName>FIFA14.exe</FileName>
    <FileProductName>FIFA 14</FileProductName>
    <HookMask>30</HookMask>
    <XInputMask>4</XInputMask>
    <InstanceCount>0</InstanceCount>
    <IsEnabled>false</IsEnabled>
    <DateCreated>0001-01-01T00:00:00</DateCreated>
    <DateUpdated xsi:nil="true" />
  </Program>
  <Program>
    <ProgramId>00000000-0000-0000-0000-000000000000</ProgramId>
    <FileName>FIFA15.exe</FileName>
    <FileProductName>FIFA 15</FileProductName>
    <HookMask>2</HookMask>
    <XInputMask>4</XInputMask>
    <InstanceCount>0</InstanceCount>
    <IsEnabled>false</IsEnabled>
    <DateCreated>0001-01-01T00:00:00</DateCreated>
    <DateUpdated xsi:nil="true" />
  </Program>
  <Program>
    <ProgramId>00000000-0000-0000-0000-000000000000</ProgramId>
    <FileName>fouc.exe</FileName>
    <FileProductName>FlatOut Ultimate Carnage</FileProductName>
    <HookMask>2</HookMask>
    <XInputMask>4</XInputMask>
    <InstanceCount>0</InstanceCount>
    <IsEnabled>false</IsEnabled>
    <DateCreated>0001-01-01T00:00:00</DateCreated>
    <DateUpdated xsi:nil="true" />
  </Program>
  <Program>
    <ProgramId>00000000-0000-0000-0000-000000000000</ProgramId>
    <FileName>Game.exe</FileName>
    <FileProductName>Mark of the Ninja</FileProductName>
    <HookMask>2</HookMask>
    <XInputMask>4</XInputMask>
    <InstanceCount>0</InstanceCount>
    <IsEnabled>false</IsEnabled>
    <DateCreated>0001-01-01T00:00:00</DateCreated>
    <DateUpdated xsi:nil="true" />
  </Program>
  <Program>
    <ProgramId>00000000-0000-0000-0000-000000000000</ProgramId>
    <FileName>grid.exe</FileName>
    <FileProductName>Grid</FileProductName>
    <HookMask>2</HookMask>
    <XInputMask>4</XInputMask>
    <InstanceCount>0</InstanceCount>
    <IsEnabled>false</IsEnabled>
    <DateCreated>0001-01-01T00:00:00</DateCreated>
    <DateUpdated xsi:nil="true" />
  </Program>
  <Program>
    <ProgramId>00000000-0000-0000-0000-000000000000</ProgramId>
    <FileName>grid2.exe</FileName>
    <FileProductName>Grid 2</FileProductName>
    <HookMask>2</HookMask>
    <XInputMask>4</XInputMask>
    <InstanceCount>0</InstanceCount>
    <IsEnabled>false</IsEnabled>
    <DateCreated>0001-01-01T00:00:00</DateCreated>
    <DateUpdated xsi:nil="true" />
  </Program>
  <Program>
    <ProgramId>00000000-0000-0000-0000-000000000000</ProgramId>
    <FileName>grid2_avx.exe</FileName>
    <FileProductName>Grid 2</FileProductName>
    <HookMask>2</HookMask>
    <XInputMask>4</XInputMask>
    <InstanceCount>0</InstanceCount>
    <IsEnabled>false</IsEnabled>
    <DateCreated>0001-01-01T00:00:00</DateCreated>
    <DateUpdated xsi:nil="true" />
  </Program>
  <Program>
    <ProgramId>00000000-0000-0000-0000-000000000000</ProgramId>
    <FileName>HAWX.exe</FileName>
    <FileProductName>Tom Clancy's H.A.W.X</FileProductName>
    <HookMask>14</HookMask>
    <XInputMask>4</XInputMask>
    <InstanceCount>0</InstanceCount>
    <IsEnabled>false</IsEnabled>
    <DateCreated>0001-01-01T00:00:00</DateCreated>
    <DateUpdated xsi:nil="true" />
  </Program>
  <Program>
    <ProgramId>00000000-0000-0000-0000-000000000000</ProgramId>
    <FileName>HAWX_dx10.exe</FileName>
    <FileProductName>Tom Clancy's H.A.W.X DX10</FileProductName>
    <HookMask>14</HookMask>
    <XInputMask>4</XInputMask>
    <InstanceCount>0</InstanceCount>
    <IsEnabled>false</IsEnabled>
    <DateCreated>0001-01-01T00:00:00</DateCreated>
    <DateUpdated xsi:nil="true" />
  </Program>
  <Program>
    <ProgramId>00000000-0000-0000-0000-000000000000</ProgramId>
    <FileName>HAWX2.exe</FileName>
    <FileProductName>Tom Clancy's H.A.W.X 2</FileProductName>
    <HookMask>14</HookMask>
    <XInputMask>4</XInputMask>
    <InstanceCount>0</InstanceCount>
    <IsEnabled>false</IsEnabled>
    <DateCreated>0001-01-01T00:00:00</DateCreated>
    <DateUpdated xsi:nil="true" />
  </Program>
  <Program>
    <ProgramId>00000000-0000-0000-0000-000000000000</ProgramId>
    <FileName>HAWX2_DX11.exe</FileName>
    <FileProductName>Tom Clancy's H.A.W.X 2</FileProductName>
    <HookMask>14</HookMask>
    <XInputMask>4</XInputMask>
    <InstanceCount>0</InstanceCount>
    <IsEnabled>false</IsEnabled>
    <DateCreated>0001-01-01T00:00:00</DateCreated>
    <DateUpdated xsi:nil="true" />
  </Program>
  <Program>
    <ProgramId>00000000-0000-0000-0000-000000000000</ProgramId>
    <FileName>HKShip.exe</FileName>
    <FileProductName>Sleeping Dogs</FileProductName>
    <HookMask>2</HookMask>
    <XInputMask>4</XInputMask>
    <InstanceCount>0</InstanceCount>
    <IsEnabled>false</IsEnabled>
    <DateCreated>0001-01-01T00:00:00</DateCreated>
    <DateUpdated xsi:nil="true" />
  </Program>
  <Program>
    <ProgramId>00000000-0000-0000-0000-000000000000</ProgramId>
    <FileName>HotlineGL.exe</FileName>
    <FileProductName>Hotline Miami</FileProductName>
    <HookMask>2</HookMask>
    <XInputMask>4</XInputMask>
    <InstanceCount>0</InstanceCount>
    <IsEnabled>false</IsEnabled>
    <DateCreated>0001-01-01T00:00:00</DateCreated>
    <DateUpdated xsi:nil="true" />
  </Program>
  <Program>
    <ProgramId>00000000-0000-0000-0000-000000000000</ProgramId>
    <FileName>HowToSurvive.exe</FileName>
    <FileProductName>How to survive</FileProductName>
    <HookMask>2</HookMask>
    <XInputMask>4</XInputMask>
    <InstanceCount>0</InstanceCount>
    <IsEnabled>false</IsEnabled>
    <DateCreated>0001-01-01T00:00:00</DateCreated>
    <DateUpdated xsi:nil="true" />
  </Program>
  <Program>
    <ProgramId>00000000-0000-0000-0000-000000000000</ProgramId>
    <FileName>IAmAlive_game.exe</FileName>
    <FileProductName>I Am Alive</FileProductName>
    <HookMask>14</HookMask>
    <XInputMask>4</XInputMask>
    <InstanceCount>0</InstanceCount>
    <IsEnabled>false</IsEnabled>
    <DateCreated>0001-01-01T00:00:00</DateCreated>
    <DateUpdated xsi:nil="true" />
  </Program>
  <Program>
    <ProgramId>00000000-0000-0000-0000-000000000000</ProgramId>
    <FileName>Injustice.exe</FileName>
    <FileProductName>Injustice: Gods Among Us Ultimate Edition</FileProductName>
    <HookMask>2</HookMask>
    <XInputMask>4</XInputMask>
    <InstanceCount>0</InstanceCount>
    <IsEnabled>false</IsEnabled>
    <DateCreated>0001-01-01T00:00:00</DateCreated>
    <DateUpdated xsi:nil="true" />
  </Program>
  <Program>
    <ProgramId>00000000-0000-0000-0000-000000000000</ProgramId>
    <FileName>InSanity-Win32-Shipping.exe</FileName>
    <FileProductName>Afterfall Insanity: Extended Edition</FileProductName>
    <HookMask>2</HookMask>
    <XInputMask>4</XInputMask>
    <InstanceCount>0</InstanceCount>
    <IsEnabled>false</IsEnabled>
    <DateCreated>0001-01-01T00:00:00</DateCreated>
    <DateUpdated xsi:nil="true" />
  </Program>
  <Program>
    <ProgramId>00000000-0000-0000-0000-000000000000</ProgramId>
    <FileName>iw6mp64_ship.exe</FileName>
    <FileProductName>Call of Duty Ghosts: Multiplayer</FileProductName>
    <HookMask>2</HookMask>
    <XInputMask>4</XInputMask>
    <InstanceCount>0</InstanceCount>
    <IsEnabled>false</IsEnabled>
    <DateCreated>0001-01-01T00:00:00</DateCreated>
    <DateUpdated xsi:nil="true" />
  </Program>
  <Program>
    <ProgramId>00000000-0000-0000-0000-000000000000</ProgramId>
    <FileName>iw6sp64_ship.exe</FileName>
    <FileProductName>Call of Duty Ghosts</FileProductName>
    <HookMask>2</HookMask>
    <XInputMask>4</XInputMask>
    <InstanceCount>0</InstanceCount>
    <IsEnabled>false</IsEnabled>
    <DateCreated>0001-01-01T00:00:00</DateCreated>
    <DateUpdated xsi:nil="true" />
  </Program>
  <Program>
    <ProgramId>00000000-0000-0000-0000-000000000000</ProgramId>
    <FileName>kaneandlynch.exe</FileName>
    <FileProductName>Kane &amp; Lynch - Dead Men</FileProductName>
    <HookMask>30</HookMask>
    <XInputMask>4</XInputMask>
    <InstanceCount>0</InstanceCount>
    <IsEnabled>false</IsEnabled>
    <DateCreated>0001-01-01T00:00:00</DateCreated>
    <DateUpdated xsi:nil="true" />
  </Program>
  <Program>
    <ProgramId>00000000-0000-0000-0000-000000000000</ProgramId>
    <FileName>LANoire.exe</FileName>
    <FileProductName>L.A. Noire</FileProductName>
    <HookMask>2</HookMask>
    <XInputMask>4</XInputMask>
    <InstanceCount>0</InstanceCount>
    <IsEnabled>false</IsEnabled>
    <DateCreated>0001-01-01T00:00:00</DateCreated>
    <DateUpdated xsi:nil="true" />
  </Program>
  <Program>
    <ProgramId>00000000-0000-0000-0000-000000000000</ProgramId>
    <FileName>LEGOPirates.exe</FileName>
    <FileProductName>LEGO Pirates of the Caribbean: The Video Game</FileProductName>
    <HookMask>2</HookMask>
    <XInputMask>4</XInputMask>
    <InstanceCount>0</InstanceCount>
    <IsEnabled>false</IsEnabled>
    <DateCreated>0001-01-01T00:00:00</DateCreated>
    <DateUpdated xsi:nil="true" />
  </Program>
  <Program>
    <ProgramId>00000000-0000-0000-0000-000000000000</ProgramId>
    <FileName>LEGOIndy.exe</FileName>
    <FileProductName>LEGO Indiana Jones: The Original Adventures</FileProductName>
    <HookMask>2</HookMask>
    <XInputMask>4</XInputMask>
    <InstanceCount>0</InstanceCount>
    <IsEnabled>false</IsEnabled>
    <DateCreated>0001-01-01T00:00:00</DateCreated>
    <DateUpdated xsi:nil="true" />
  </Program>
  <Program>
    <ProgramId>00000000-0000-0000-0000-000000000000</ProgramId>
    <FileName>LOTDGame.exe</FileName>
    <FileProductName>DeadLight</FileProductName>
    <HookMask>2</HookMask>
    <XInputMask>4</XInputMask>
    <InstanceCount>0</InstanceCount>
    <IsEnabled>false</IsEnabled>
    <DateCreated>0001-01-01T00:00:00</DateCreated>
    <DateUpdated xsi:nil="true" />
  </Program>
  <Program>
    <ProgramId>00000000-0000-0000-0000-000000000000</ProgramId>
    <FileName>Magicka.exe</FileName>
    <FileProductName>Magicka</FileProductName>
    <HookMask>2</HookMask>
    <XInputMask>4</XInputMask>
    <InstanceCount>0</InstanceCount>
    <IsEnabled>false</IsEnabled>
    <DateCreated>0001-01-01T00:00:00</DateCreated>
    <DateUpdated xsi:nil="true" />
  </Program>
  <Program>
    <ProgramId>00000000-0000-0000-0000-000000000000</ProgramId>
    <FileName>MirrorsEdge.exe</FileName>
    <FileProductName>Mirrors Edge</FileProductName>
    <HookMask>2</HookMask>
    <XInputMask>4</XInputMask>
    <InstanceCount>0</InstanceCount>
    <IsEnabled>false</IsEnabled>
    <DateCreated>0001-01-01T00:00:00</DateCreated>
    <DateUpdated xsi:nil="true" />
  </Program>
  <Program>
    <ProgramId>00000000-0000-0000-0000-000000000000</ProgramId>
    <FileName>MKHDGame.exe</FileName>
    <FileProductName>Mortal Kombat Arcade Kollection</FileProductName>
    <HookMask>2</HookMask>
    <XInputMask>4</XInputMask>
    <InstanceCount>0</InstanceCount>
    <IsEnabled>false</IsEnabled>
    <DateCreated>0001-01-01T00:00:00</DateCreated>
    <DateUpdated xsi:nil="true" />
  </Program>
  <Program>
    <ProgramId>00000000-0000-0000-0000-000000000000</ProgramId>
    <FileName>MKKE.exe</FileName>
    <FileProductName>Mortal Kombat Komplete Edition</FileProductName>
    <HookMask>2</HookMask>
    <XInputMask>4</XInputMask>
    <InstanceCount>0</InstanceCount>
    <IsEnabled>false</IsEnabled>
    <DateCreated>0001-01-01T00:00:00</DateCreated>
    <DateUpdated xsi:nil="true" />
  </Program>
  <Program>
    <ProgramId>00000000-0000-0000-0000-000000000000</ProgramId>
    <FileName>NBA2K13.exe</FileName>
    <FileProductName>NBA 2k13</FileProductName>
    <HookMask>2</HookMask>
    <XInputMask>4</XInputMask>
    <InstanceCount>0</InstanceCount>
    <IsEnabled>false</IsEnabled>
    <DateCreated>0001-01-01T00:00:00</DateCreated>
    <DateUpdated xsi:nil="true" />
  </Program>
  <Program>
    <ProgramId>00000000-0000-0000-0000-000000000000</ProgramId>
    <FileName>NBA2K14.exe</FileName>
    <FileProductName>NBA 2k14</FileProductName>
    <HookMask>2</HookMask>
    <XInputMask>4</XInputMask>
    <InstanceCount>0</InstanceCount>
    <IsEnabled>false</IsEnabled>
    <DateCreated>0001-01-01T00:00:00</DateCreated>
    <DateUpdated xsi:nil="true" />
  </Program>
  <Program>
    <ProgramId>00000000-0000-0000-0000-000000000000</ProgramId>
    <FileName>NBA2K15.exe</FileName>
    <FileProductName>NBA 2k15</FileProductName>
    <HookMask>2</HookMask>
    <XInputMask>4</XInputMask>
    <InstanceCount>0</InstanceCount>
    <IsEnabled>false</IsEnabled>
    <DateCreated>0001-01-01T00:00:00</DateCreated>
    <DateUpdated xsi:nil="true" />
  </Program>
  <Program>
    <ProgramId>00000000-0000-0000-0000-000000000000</ProgramId>
    <FileName>NFS13.exe</FileName>
    <FileProductName>Need For Speed Most Wanted 2012</FileProductName>
    <HookMask>2</HookMask>
    <XInputMask>4</XInputMask>
    <InstanceCount>0</InstanceCount>
    <IsEnabled>false</IsEnabled>
    <DateCreated>0001-01-01T00:00:00</DateCreated>
    <DateUpdated xsi:nil="true" />
  </Program>
  <Program>
    <ProgramId>00000000-0000-0000-0000-000000000000</ProgramId>
    <FileName>NFS14.exe</FileName>
    <FileProductName>Need For Speed: Rivals</FileProductName>
    <HookMask>14</HookMask>
    <XInputMask>4</XInputMask>
    <InstanceCount>0</InstanceCount>
    <IsEnabled>false</IsEnabled>
    <DateCreated>0001-01-01T00:00:00</DateCreated>
    <DateUpdated xsi:nil="true" />
  </Program>
  <Program>
    <ProgramId>00000000-0000-0000-0000-000000000000</ProgramId>
    <FileName>NFS14_x86.exe</FileName>
    <FileProductName>Need For Speed: Rivals</FileProductName>
    <HookMask>14</HookMask>
    <XInputMask>4</XInputMask>
    <InstanceCount>0</InstanceCount>
    <IsEnabled>false</IsEnabled>
    <DateCreated>0001-01-01T00:00:00</DateCreated>
    <DateUpdated xsi:nil="true" />
  </Program>
  <Program>
    <ProgramId>00000000-0000-0000-0000-000000000000</ProgramId>
    <FileName>NRZGame.exe</FileName>
    <FileProductName>Yaiba - Ninja Gaiden Z</FileProductName>
    <HookMask>2</HookMask>
    <XInputMask>4</XInputMask>
    <InstanceCount>0</InstanceCount>
    <IsEnabled>false</IsEnabled>
    <DateCreated>0001-01-01T00:00:00</DateCreated>
    <DateUpdated xsi:nil="true" />
  </Program>
  <Program>
    <ProgramId>00000000-0000-0000-0000-000000000000</ProgramId>
    <FileName>OLGame.exe</FileName>
    <FileProductName>Outlast</FileProductName>
    <HookMask>2</HookMask>
    <XInputMask>4</XInputMask>
    <InstanceCount>0</InstanceCount>
    <IsEnabled>false</IsEnabled>
    <DateCreated>0001-01-01T00:00:00</DateCreated>
    <DateUpdated xsi:nil="true" />
  </Program>
  <Program>
    <ProgramId>00000000-0000-0000-0000-000000000000</ProgramId>
    <FileName>Rayman Legends.exe</FileName>
    <FileProductName>Rayman Legends</FileProductName>
    <HookMask>2</HookMask>
    <XInputMask>4</XInputMask>
    <InstanceCount>0</InstanceCount>
    <IsEnabled>false</IsEnabled>
    <DateCreated>0001-01-01T00:00:00</DateCreated>
    <DateUpdated xsi:nil="true" />
  </Program>
  <Program>
    <ProgramId>00000000-0000-0000-0000-000000000000</ProgramId>
    <FileName>Rayman Origins.exe</FileName>
    <FileProductName>Rayman Origins</FileProductName>
    <HookMask>2</HookMask>
    <XInputMask>4</XInputMask>
    <InstanceCount>0</InstanceCount>
    <IsEnabled>false</IsEnabled>
    <DateCreated>0001-01-01T00:00:00</DateCreated>
    <DateUpdated xsi:nil="true" />
  </Program>
  <Program>
    <ProgramId>00000000-0000-0000-0000-000000000000</ProgramId>
    <FileName>RememberMe.exe</FileName>
    <FileProductName>Remember Me</FileProductName>
    <HookMask>2</HookMask>
    <XInputMask>4</XInputMask>
    <InstanceCount>0</InstanceCount>
    <IsEnabled>false</IsEnabled>
    <DateCreated>0001-01-01T00:00:00</DateCreated>
    <DateUpdated xsi:nil="true" />
  </Program>
  <Program>
    <ProgramId>00000000-0000-0000-0000-000000000000</ProgramId>
    <FileName>RE6.exe</FileName>
    <FileProductName>Resident Evil 6</FileProductName>
    <HookMask>2</HookMask>
    <XInputMask>4</XInputMask>
    <InstanceCount>0</InstanceCount>
    <IsEnabled>false</IsEnabled>
    <DateCreated>0001-01-01T00:00:00</DateCreated>
    <DateUpdated xsi:nil="true" />
  </Program>
  <Program>
    <ProgramId>00000000-0000-0000-0000-000000000000</ProgramId>
    <FileName>ROTT.exe</FileName>
    <FileProductName>Rise of the Triad (2013)</FileProductName>
    <HookMask>2</HookMask>
    <XInputMask>4</XInputMask>
    <InstanceCount>0</InstanceCount>
    <IsEnabled>false</IsEnabled>
    <DateCreated>0001-01-01T00:00:00</DateCreated>
    <DateUpdated xsi:nil="true" />
  </Program>
  <Program>
    <ProgramId>00000000-0000-0000-0000-000000000000</ProgramId>
    <FileName>SaintsRowIV.exe</FileName>
    <FileProductName>Saints Row IV</FileProductName>
    <HookMask>2</HookMask>
    <XInputMask>4</XInputMask>
    <InstanceCount>0</InstanceCount>
    <IsEnabled>false</IsEnabled>
    <DateCreated>0001-01-01T00:00:00</DateCreated>
    <DateUpdated xsi:nil="true" />
  </Program>
  <Program>
    <ProgramId>00000000-0000-0000-0000-000000000000</ProgramId>
    <FileName>SaintsRowTheThird.exe</FileName>
    <FileProductName>Saints Row: The Third</FileProductName>
    <HookMask>2</HookMask>
    <XInputMask>4</XInputMask>
    <InstanceCount>0</InstanceCount>
    <IsEnabled>false</IsEnabled>
    <DateCreated>0001-01-01T00:00:00</DateCreated>
    <DateUpdated xsi:nil="true" />
  </Program>
  <Program>
    <ProgramId>00000000-0000-0000-0000-000000000000</ProgramId>
    <FileName>SaintsRowTheThird_DX11.exe</FileName>
    <FileProductName>Saints Row: The Third</FileProductName>
    <HookMask>2</HookMask>
    <XInputMask>4</XInputMask>
    <InstanceCount>0</InstanceCount>
    <IsEnabled>false</IsEnabled>
    <DateCreated>0001-01-01T00:00:00</DateCreated>
    <DateUpdated xsi:nil="true" />
  </Program>
  <Program>
    <ProgramId>00000000-0000-0000-0000-000000000000</ProgramId>
    <FileName>SBS.exe</FileName>
    <FileProductName>Slam Bolt Scrappers</FileProductName>
    <HookMask>14</HookMask>
    <XInputMask>4</XInputMask>
    <InstanceCount>0</InstanceCount>
    <IsEnabled>false</IsEnabled>
    <DateCreated>0001-01-01T00:00:00</DateCreated>
    <DateUpdated xsi:nil="true" />
  </Program>
  <Program>
    <ProgramId>00000000-0000-0000-0000-000000000000</ProgramId>
    <FileName>SDHDShip.exe</FileName>
    <FileProductName>Sleeping Dogs: Definitive Edition</FileProductName>
    <HookMask>2</HookMask>
    <XInputMask>4</XInputMask>
    <InstanceCount>0</InstanceCount>
    <IsEnabled>false</IsEnabled>
    <DateCreated>0001-01-01T00:00:00</DateCreated>
    <DateUpdated xsi:nil="true" />
  </Program>
  <Program>
    <ProgramId>00000000-0000-0000-0000-000000000000</ProgramId>
    <FileName>shank.exe</FileName>
    <FileProductName>Shank</FileProductName>
    <HookMask>2</HookMask>
    <XInputMask>4</XInputMask>
    <InstanceCount>0</InstanceCount>
    <IsEnabled>false</IsEnabled>
    <DateCreated>0001-01-01T00:00:00</DateCreated>
    <DateUpdated xsi:nil="true" />
  </Program>
  <Program>
    <ProgramId>00000000-0000-0000-0000-000000000000</ProgramId>
    <FileName>shank2.exe</FileName>
    <FileProductName>Shank 2</FileProductName>
    <HookMask>2</HookMask>
    <XInputMask>4</XInputMask>
    <InstanceCount>0</InstanceCount>
    <IsEnabled>false</IsEnabled>
    <DateCreated>0001-01-01T00:00:00</DateCreated>
    <DateUpdated xsi:nil="true" />
  </Program>
  <Program>
    <ProgramId>00000000-0000-0000-0000-000000000000</ProgramId>
    <FileName>ShippingPC-BmGame.exe</FileName>
    <FileProductName>Batman: Arkham Asylum</FileProductName>
    <HookMask>2</HookMask>
    <XInputMask>4</XInputMask>
    <InstanceCount>0</InstanceCount>
    <IsEnabled>false</IsEnabled>
    <DateCreated>0001-01-01T00:00:00</DateCreated>
    <DateUpdated xsi:nil="true" />
  </Program>
  <Program>
    <ProgramId>00000000-0000-0000-0000-000000000000</ProgramId>
    <FileName>ShippingPC-StormGame.exe</FileName>
    <FileProductName>BulletStorm</FileProductName>
    <HookMask>2</HookMask>
    <XInputMask>4</XInputMask>
    <InstanceCount>0</InstanceCount>
    <IsEnabled>false</IsEnabled>
    <DateCreated>0001-01-01T00:00:00</DateCreated>
    <DateUpdated xsi:nil="true" />
  </Program>
  <Program>
    <ProgramId>00000000-0000-0000-0000-000000000000</ProgramId>
    <FileName>SkullGirls.exe</FileName>
    <FileProductName>Skullgirls</FileProductName>
    <HookMask>2</HookMask>
    <XInputMask>4</XInputMask>
    <InstanceCount>0</InstanceCount>
    <IsEnabled>false</IsEnabled>
    <DateCreated>0001-01-01T00:00:00</DateCreated>
    <DateUpdated xsi:nil="true" />
  </Program>
  <Program>
    <ProgramId>00000000-0000-0000-0000-000000000000</ProgramId>
    <FileName>SR2_pc.exe</FileName>
    <FileProductName>Saints Row 2</FileProductName>
    <HookMask>2</HookMask>
    <XInputMask>4</XInputMask>
    <InstanceCount>0</InstanceCount>
    <IsEnabled>false</IsEnabled>
    <DateCreated>0001-01-01T00:00:00</DateCreated>
    <DateUpdated xsi:nil="true" />
  </Program>
  <Program>
    <ProgramId>00000000-0000-0000-0000-000000000000</ProgramId>
    <FileName>SFTK.exe</FileName>
    <FileProductName>Street Fighter X Tekken</FileProductName>
    <HookMask>2</HookMask>
    <XInputMask>4</XInputMask>
    <InstanceCount>0</InstanceCount>
    <IsEnabled>false</IsEnabled>
    <DateCreated>0001-01-01T00:00:00</DateCreated>
    <DateUpdated xsi:nil="true" />
  </Program>
  <Program>
    <ProgramId>00000000-0000-0000-0000-000000000000</ProgramId>
    <FileName>SSFIV.exe</FileName>
    <FileProductName>Super Street Fighter IV - Arcade Edition</FileProductName>
    <HookMask>2</HookMask>
    <XInputMask>4</XInputMask>
    <InstanceCount>0</InstanceCount>
    <IsEnabled>false</IsEnabled>
    <DateCreated>0001-01-01T00:00:00</DateCreated>
    <DateUpdated xsi:nil="true" />
  </Program>
  <Program>
    <ProgramId>00000000-0000-0000-0000-000000000000</ProgramId>
    <FileName>StreetFighterIV.exe</FileName>
    <FileProductName>Street Fighter IV</FileProductName>
    <HookMask>2</HookMask>
    <XInputMask>4</XInputMask>
    <InstanceCount>0</InstanceCount>
    <IsEnabled>false</IsEnabled>
    <DateCreated>0001-01-01T00:00:00</DateCreated>
    <DateUpdated xsi:nil="true" />
  </Program>
  <Program>
    <ProgramId>00000000-0000-0000-0000-000000000000</ProgramId>
    <FileName>SuperMeatBoy.exe</FileName>
    <FileProductName>Super Meat Boy</FileProductName>
    <HookMask>2</HookMask>
    <XInputMask>4</XInputMask>
    <InstanceCount>0</InstanceCount>
    <IsEnabled>false</IsEnabled>
    <DateCreated>0001-01-01T00:00:00</DateCreated>
    <DateUpdated xsi:nil="true" />
  </Program>
  <Program>
    <ProgramId>00000000-0000-0000-0000-000000000000</ProgramId>
    <FileName>Syndicate.exe</FileName>
    <FileProductName>Syndicate</FileProductName>
    <HookMask>2</HookMask>
    <XInputMask>4</XInputMask>
    <InstanceCount>0</InstanceCount>
    <IsEnabled>false</IsEnabled>
    <DateCreated>0001-01-01T00:00:00</DateCreated>
    <DateUpdated xsi:nil="true" />
  </Program>
  <Program>
    <ProgramId>00000000-0000-0000-0000-000000000000</ProgramId>
    <FileName>s1_mp64_ship.exe</FileName>
    <FileProductName>Call of Duty Advanced Warfare: Multiplayer</FileProductName>
    <HookMask>2</HookMask>
    <XInputMask>4</XInputMask>
    <InstanceCount>0</InstanceCount>
    <IsEnabled>false</IsEnabled>
    <DateCreated>0001-01-01T00:00:00</DateCreated>
    <DateUpdated xsi:nil="true" />
  </Program>
  <Program>
    <ProgramId>00000000-0000-0000-0000-000000000000</ProgramId>
    <FileName>s1_sp64_ship.exe</FileName>
    <FileProductName>Call of Duty Advanced Warfare</FileProductName>
    <HookMask>2</HookMask>
    <XInputMask>4</XInputMask>
    <InstanceCount>0</InstanceCount>
    <IsEnabled>false</IsEnabled>
    <DateCreated>0001-01-01T00:00:00</DateCreated>
    <DateUpdated xsi:nil="true" />
  </Program>
  <Program>
    <ProgramId>00000000-0000-0000-0000-000000000000</ProgramId>
    <FileName>TERA.exe</FileName>
    <FileProductName>TERA</FileProductName>
    <HookMask>2</HookMask>
    <XInputMask>4</XInputMask>
    <InstanceCount>0</InstanceCount>
    <IsEnabled>false</IsEnabled>
    <DateCreated>0001-01-01T00:00:00</DateCreated>
    <DateUpdated xsi:nil="true" />
  </Program>
  <Program>
    <ProgramId>00000000-0000-0000-0000-000000000000</ProgramId>
    <FileName>TheBaconing.exe</FileName>
    <FileProductName>The Baconing</FileProductName>
    <HookMask>3</HookMask>
    <XInputMask>4</XInputMask>
    <InstanceCount>0</InstanceCount>
    <IsEnabled>false</IsEnabled>
    <DateCreated>0001-01-01T00:00:00</DateCreated>
    <DateUpdated xsi:nil="true" />
  </Program>
  <Program>
    <ProgramId>00000000-0000-0000-0000-000000000000</ProgramId>
    <FileName>TinyBrains.exe</FileName>
    <FileProductName>Tiny Brains</FileProductName>
    <HookMask>2</HookMask>
    <XInputMask>4</XInputMask>
    <InstanceCount>0</InstanceCount>
    <IsEnabled>false</IsEnabled>
    <DateCreated>0001-01-01T00:00:00</DateCreated>
    <DateUpdated xsi:nil="true" />
  </Program>
  <Program>
    <ProgramId>00000000-0000-0000-0000-000000000000</ProgramId>
    <FileName>TLR.exe</FileName>
    <FileProductName>The Last Remnant</FileProductName>
    <HookMask>2</HookMask>
    <XInputMask>4</XInputMask>
    <InstanceCount>0</InstanceCount>
    <IsEnabled>false</IsEnabled>
    <DateCreated>0001-01-01T00:00:00</DateCreated>
    <DateUpdated xsi:nil="true" />
  </Program>
  <Program>
    <ProgramId>00000000-0000-0000-0000-000000000000</ProgramId>
    <FileName>TMNT-OotS.exe</FileName>
    <FileProductName>Teenage Mutant Ninja Turtles: Out of Shadows</FileProductName>
    <HookMask>14</HookMask>
    <XInputMask>4</XInputMask>
    <InstanceCount>0</InstanceCount>
    <IsEnabled>false</IsEnabled>
    <DateCreated>0001-01-01T00:00:00</DateCreated>
    <DateUpdated xsi:nil="true" />
  </Program>
  <Program>
    <ProgramId>00000000-0000-0000-0000-000000000000</ProgramId>
    <FileName>trine.exe</FileName>
    <FileProductName>Trine</FileProductName>
    <HookMask>2</HookMask>
    <XInputMask>4</XInputMask>
    <InstanceCount>0</InstanceCount>
    <IsEnabled>false</IsEnabled>
    <DateCreated>0001-01-01T00:00:00</DateCreated>
    <DateUpdated xsi:nil="true" />
  </Program>
  <Program>
    <ProgramId>00000000-0000-0000-0000-000000000000</ProgramId>
    <FileName>trine2_32bit.exe</FileName>
    <FileProductName>Trine 2</FileProductName>
    <HookMask>2</HookMask>
    <XInputMask>4</XInputMask>
    <InstanceCount>0</InstanceCount>
    <IsEnabled>false</IsEnabled>
    <DateCreated>0001-01-01T00:00:00</DateCreated>
    <DateUpdated xsi:nil="true" />
  </Program>
  <Program>
    <ProgramId>00000000-0000-0000-0000-000000000000</ProgramId>
    <FileName>UDK.exe</FileName>
    <FileProductName>Antichamber</FileProductName>
    <HookMask>2</HookMask>
    <XInputMask>4</XInputMask>
    <InstanceCount>0</InstanceCount>
    <IsEnabled>false</IsEnabled>
    <DateCreated>0001-01-01T00:00:00</DateCreated>
    <DateUpdated xsi:nil="true" />
  </Program>
  <Program>
    <ProgramId>00000000-0000-0000-0000-000000000000</ProgramId>
    <FileName>Vessel.exe</FileName>
    <FileProductName>Vessel</FileProductName>
    <HookMask>2</HookMask>
    <XInputMask>4</XInputMask>
    <InstanceCount>0</InstanceCount>
    <IsEnabled>false</IsEnabled>
    <DateCreated>0001-01-01T00:00:00</DateCreated>
    <DateUpdated xsi:nil="true" />
  </Program>
  <Program>
    <ProgramId>00000000-0000-0000-0000-000000000000</ProgramId>
    <FileName>watch_dogs.exe</FileName>
    <FileProductName>WATCH_DOGS</FileProductName>
    <HookMask>2</HookMask>
    <XInputMask>4</XInputMask>
    <InstanceCount>0</InstanceCount>
    <IsEnabled>false</IsEnabled>
    <DateCreated>0001-01-01T00:00:00</DateCreated>
    <DateUpdated xsi:nil="true" />
  </Program>
  <Program>
    <ProgramId>00000000-0000-0000-0000-000000000000</ProgramId>
    <FileName>WormsRevolution.exe</FileName>
    <FileProductName>Worms Revolution</FileProductName>
    <HookMask>2</HookMask>
    <XInputMask>4</XInputMask>
    <InstanceCount>0</InstanceCount>
    <IsEnabled>false</IsEnabled>
    <DateCreated>0001-01-01T00:00:00</DateCreated>
    <DateUpdated xsi:nil="true" />
  </Program>
  <Program>
    <ProgramId>00000000-0000-0000-0000-000000000000</ProgramId>
    <FileName>x360ce.exe</FileName>
    <FileProductName>x360ce.App</FileProductName>
    <HookMask>0</HookMask>
    <XInputMask>4</XInputMask>
    <InstanceCount>0</InstanceCount>
    <IsEnabled>false</IsEnabled>
    <DateCreated>0001-01-01T00:00:00</DateCreated>
    <DateUpdated xsi:nil="true" />
  </Program>
  <Program>
    <ProgramId>00000000-0000-0000-0000-000000000000</ProgramId>
    <FileName>XComEW.exe</FileName>
    <FileProductName>XCOM Enemy Within</FileProductName>
    <HookMask>2</HookMask>
    <XInputMask>4</XInputMask>
    <InstanceCount>0</InstanceCount>
    <IsEnabled>false</IsEnabled>
    <DateCreated>0001-01-01T00:00:00</DateCreated>
    <DateUpdated xsi:nil="true" />
  </Program>
  <Program>
    <ProgramId>00000000-0000-0000-0000-000000000000</ProgramId>
    <FileName>XComGame.exe</FileName>
    <FileProductName>XCOM Enemy Unknown</FileProductName>
    <HookMask>2</HookMask>
    <XInputMask>4</XInputMask>
    <InstanceCount>0</InstanceCount>
    <IsEnabled>false</IsEnabled>
    <DateCreated>0001-01-01T00:00:00</DateCreated>
    <DateUpdated xsi:nil="true" />
  </Program>
</ArrayOfProgram>