﻿<?xml version="1.0" encoding="utf-8"?>
<StaticCodeAnalysis version="2" xmlns="urn:Microsoft.Data.Tools.Schema.StaticCodeAnalysis">
  <SuppressedFile FilePath="dbo\Stored Procedures\aspnet_Users_CreateUser.sql">
    <SuppressedRule Category="Microsoft.Rules.Data" RuleId="SR0013" />
  </SuppressedFile>
  <SuppressedFile FilePath="dbo\Stored Procedures\x360ce_GetPresets.sql">
    <SuppressedRule Category="Microsoft.Rules.Data" RuleId="SR0001" />
  </SuppressedFile>
  <SuppressedFile FilePath="dbo\Stored Procedures\Tools_FixLoginAndUser.sql">
    <SuppressedRule Category="Microsoft.Rules.Data" RuleId="SR0014" />
  </SuppressedFile>
  <SuppressedFile FilePath="dbo\Stored Procedures\x360ce_GetNewDeviceStats.sql">
    <SuppressedRule Category="Microsoft.Rules.Data" RuleId="SR0001" />
  </SuppressedFile>
  <SuppressedFile FilePath="dbo\Stored Procedures\x360ce_GetTopControllers.sql">
    <SuppressedRule Category="Microsoft.Rules.Data" RuleId="SR0001" />
  </SuppressedFile>
  <SuppressedFile FilePath="dbo\Stored Procedures\Tools_FixDatabaseOwner.sql">
    <SuppressedRule Category="Microsoft.Rules.Data" RuleId="SR0014" />
  </SuppressedFile>
  <SuppressedFile FilePath="dbo\Stored Procedures\x360ce_GetTopGames.sql">
    <SuppressedRule Category="Microsoft.Rules.Data" RuleId="SR0001" />
  </SuppressedFile>
  <SuppressedFile FilePath="dbo\Stored Procedures\x360ce_GetUserInstances.sql">
    <SuppressedRule Category="Microsoft.Rules.Data" RuleId="SR0001" />
  </SuppressedFile>
</StaticCodeAnalysis>